{"cameraMode":{"drawMode":0,"name":"Shaded","section":"Shading Mode"},"sceneLighting":false,"audioPlay":false,"sceneViewState":{"m_AlwaysRefresh":true,"showFog":true,"showSkybox":false,"showFlares":true,"showImageEffects":true,"showParticleSystems":true,"showVisualEffectGraphs":true,"m_FxEnabled":true},"in2DMode":false,"pivot":{"x":-1.0064048767089844,"y":1.2104641199111939,"z":3.35919189453125},"rotation":{"x":0.13492250442504884,"y":-0.2840440273284912,"z":0.040375061333179477,"w":0.9483802914619446},"size":0.8556684255599976,"orthographic":false}