{"cameraMode":{"drawMode":0,"name":"Shaded","section":"Shading Mode"},"sceneLighting":true,"audioPlay":false,"sceneViewState":{"m_AlwaysRefresh":true,"showFog":true,"showSkybox":true,"showFlares":true,"showImageEffects":true,"showParticleSystems":true,"showVisualEffectGraphs":true,"m_FxEnabled":true},"in2DMode":false,"pivot":{"x":-17.50752830505371,"y":0.500016450881958,"z":30.79120635986328},"rotation":{"x":0.04077662155032158,"y":-0.26647719740867617,"z":0.01123483944684267,"w":0.9628719687461853},"size":19.108835220336915,"orthographic":false}