{"cameraMode":{"drawMode":0,"name":"Shaded","section":"Shading Mode"},"sceneLighting":false,"audioPlay":false,"sceneViewState":{"m_AlwaysRefresh":true,"showFog":true,"showSkybox":false,"showFlares":true,"showImageEffects":true,"showParticleSystems":true,"showVisualEffectGraphs":true,"m_FxEnabled":true},"in2DMode":false,"pivot":{"x":0.5935412645339966,"y":0.769731342792511,"z":0.12640169262886048},"rotation":{"x":-0.2027176320552826,"y":0.3835020959377289,"z":-0.08669394999742508,"w":-0.8968112468719482},"size":0.17320489883422852,"orthographic":false}